inn_name,brand_names,drug_interactions,warnings,contraindications,status
warfarin,Warfarin Sodium,"7 DRUG INTERACTIONS Concomitant use of drugs that increase bleeding risk, antibiotics, antifungals, botanical (herbal) products, and inhibitors and inducers of CYP2C9, 1A2, or 3A4. ( 7 ) Consult labeling of all concurrently used drugs for complete information about interactions with warfarin sodium or increased risks for bleeding. ( 7 ) 7.1 General Information Drugs may interact with warfarin sodium through pharmacodynamic or pharmacokinetic mechanisms. Pharmacodynamic mechanisms for drug interactions with warfarin sodium are synergism (impaired hemostasis, reduced clotting factor synthesis), competitive antagonism (vitamin K), and alteration of the physiologic control loop for vitamin K metabolism (hereditary resistance). Pharmacokinetic mechanisms for drug interactions with warfarin sodium are mainly enzyme induction, enzyme inhibition, and reduced plasma protein binding. It is important to note that some drugs may interact by more than one mechanism. More frequent INR monitoring sho",,"4 CONTRAINDICATIONS Warfarin sodium is contraindicated in: Pregnancy Warfarin sodium is contraindicated in women who are pregnant except in pregnant women with mechanical heart valves, who are at high risk of thromboembolism [see Warnings and Precautions ( 5.7 ) and Use in Specific Populations ( 8.1 )] . Warfarin sodium can cause fetal harm when administered to a pregnant woman. Warfarin sodium exposure during pregnancy causes a recognized pattern of major congenital malformations (warfarin embryopathy and fetotoxicity), fatal fetal hemorrhage, and an increased risk of spontaneous abortion and fetal mortality. If warfarin sodium is used during pregnancy or if the patient becomes pregnant while taking this drug, the patient should be apprised of the potential hazard to a fetus [see Use in Specific Populations ( 8.1 )] . Warfarin sodium is contraindicated in patients with: Hemorrhagic tendencies or blood dyscrasias Recent or contemplated surgery of the central nervous system or eye, or t",found
heparin,Heparin Sodium,"7 DRUG INTERACTIONS Drugs that interfere with platelet aggregation: May induce bleeding ( 7.2 ) 7.1 Oral Anticoagulants Heparin sodium may prolong the one-stage prothrombin time. Therefore, when heparin sodium is given with dicumarol or warfarin sodium, a period of at least 5 hours after the last intravenous dose or 24 hours after the last subcutaneous dose should elapse before blood is drawn, if a valid prothrombin time is to be obtained. 7.2 Platelet Inhibitors Drugs such as NSAIDS (including salicylic acid, ibuprofen, indomethacin, and celecoxib), dextran, phenylbutazone, thienopyridines, dipyridamole, hydroxychloroquine, glycoprotein IIb/IIIa antagonists (including abciximab, eptifibatide, and tirofiban), and others that interfere with platelet-aggregation reactions (the main hemostatic defense of heparinized patients) may induce bleeding and should be used with caution in patients receiving heparin sodium. To reduce the risk of bleeding, a reduction in the dose of antiplatelet age",,"4 CONTRAINDICATIONS The use of Heparin Sodium Injection is contraindicated in patients with the following conditions: History of heparin-induced thrombocytopenia and heparin-induced thrombocytopenia and thrombosis [see Warnings and Precautions ( 5.3 )] ; Known hypersensitivity to heparin or pork products (e.g., anaphylactoid reactions) [see Adverse Reactions ( 6.1 )] ; In whom suitable blood coagulation tests, e.g., the whole blood clotting time, partial thromboplastin time, etc., cannot be performed at appropriate intervals (this contraindication refers to full-dose heparin; there is usually no need to monitor coagulation parameters in patients receiving low-dose heparin); An uncontrolled active bleeding state [see Warnings and Precautions ( 5.2 )] , except when this is due to disseminated intravascular coagulation. Severe thrombocytopenia ( 4 ) When suitable blood coagulation tests, e.g., the whole blood clotting time, partial thromboplastin time, etc., cannot be performed at appropr",found
aspirin,Low Dose Aspirin,,"Warnings Reye's syndrome : Children and teenagers who have or are recovering from chicken pox or flu-like symptoms should not use this product. When using this product, if changes in behavior with nausea and vomiting occur, consult a doctor because these symptoms could be an early sign of Reye's syndrome, a rare but serious illness. Allergy alert : Aspirin may cause a severe allergic reaction, which may include: hives facial swelling shock asthma (wheezing) Stomach bleeding warning: This product contains an NSAID, which may cause severe stomach bleeding. The chance is higher if you: are age 60 or older have had stomach ulcers or bleeding problems take a blood thinning (anticoagulant) or steroid drug take other drugs containing prescription or nonprescription NSAIDs [aspirin, ibuprofen, naproxen, or others] have 3 or more alcoholic drinks every day while using this product take more or for a longer time than directed Do not use if you are allergic to aspirin or any other pain reliever/f",,found
clopidogrel,Clopidogrel,"7 DRUG INTERACTIONS CYP2C19 inducers: Increases levels of clopidogrel active metabolite and increases platelet inhibition. ( 7.1 ) Opioids: Decreased exposure to clopidogrel. Consider use of parenteral antiplatelet agent. ( 7.3 ) Nonsteroidal anti-inflammatory drugs (NSAIDs), warfarin, selective serotonin and serotonin norepinephrine reuptake inhibitors (SSRIs, SNRIs): Increases risk of bleeding. ( 7.4 , 7.5 , 7.6 ) Other Antiplatelet Agents: Increases the risk of bleeding due to an additive effect. ( 7.7 ) Repaglinide (CYP2C8 substrates): Increases substrate plasma concentrations. ( 7.8 ) 7.1 CYP2C19 Inducers Since clopidogrel is metabolized to its active metabolite partly by CYP2C19, use of drugs that induce the activity of this enzyme would be expected to result in increased drug levels of the active metabolite of clopidogrel. Rifampin strongly induces CYP2C19 resulting to both an increase level of clopidogrel active metabolite and platelet inhibition, which in particular might pote",,"4 CONTRAINDICATIONS Active pathological bleeding, such as peptic ulcer or intracranial hemorrhage (4.1) Hypersensitivity to clopidogrel or any component of the product (4.2) 4.1 Active Bleeding Clopidogrel tablets are contraindicated in patients with active pathological bleeding such as peptic ulcer or intracranial hemorrhage. 4.2 Hypersensitivity Clopidogrel tablets are contraindicated in patients with hypersensitivity (e.g., anaphylaxis) to clopidogrel or any component of the product [see Adverse Reactions (6.2) ] .",found
metformin,ZITUVIMET,"7 DRUG INTERACTIONS Table 4 presents clinically significant drug interactions with ZITUVIMET: Table 4: Clinically Significant Drug Interactions with ZITUVIMET Carbonic Anhydrase Inhibitors Clinical Impact: Carbonic anhydrase inhibitors frequently cause a decrease in serum bicarbonate and induce non-anion gap, hyperchloremic metabolic acidosis. Concomitant use of these drugs with ZITUVIMET may increase the risk for lactic acidosis. Intervention: Consider more frequent monitoring of these patients. Examples: Topiramate, zonisamide, acetazolamide or dichlorphenamide. Drugs that Reduce Metformin Clearance Clinical Impact: Concomitant use of drugs that interfere with common renal tubular transport systems involved in the renal elimination of metformin (e.g., organic cationic transporter-2 [OCT 2 ] / multidrug and toxin extrusion [MATE] inhibitors) could increase systemic exposure to metformin and may increase the risk for lactic acidosis [see Clinical Pharmacology ( 12.3 )]. Intervention: C",,"4 CONTRAINDICATIONS Severe renal impairment: (eGFR below 30 mL/min/1.73 m 2 ) ( 4) Metabolic acidosis, including diabetic ketoacidosis. ( 4 ) History of a serious hypersensitivity reaction to ZITUVIMET, sitagliptin, or metformin, such as anaphylaxis or angioedema. (4) ZITUVIMET is contraindicated in patients with: Severe renal impairment (eGFR below 30 mL/min/1.73 m 2 ) [see Warnings and Precautions ( 5.1 )]. Acute or chronic metabolic acidosis, including diabetic ketoacidosis. History of a serious hypersensitivity reaction to sitagliptin, metformin, or any of the excipients in ZITUVIMET. Serious hypersensitivity reactions including anaphylaxis or angioedema have been reported. [see Warnings and Precautions ( 5.7 ) and Adverse Reactions ( 6.2 )].",found
glibenclamide,,,,,NOT FOUND
insulin glargine,ZITUVIMET,"7 DRUG INTERACTIONS Table 4 presents clinically significant drug interactions with ZITUVIMET: Table 4: Clinically Significant Drug Interactions with ZITUVIMET Carbonic Anhydrase Inhibitors Clinical Impact: Carbonic anhydrase inhibitors frequently cause a decrease in serum bicarbonate and induce non-anion gap, hyperchloremic metabolic acidosis. Concomitant use of these drugs with ZITUVIMET may increase the risk for lactic acidosis. Intervention: Consider more frequent monitoring of these patients. Examples: Topiramate, zonisamide, acetazolamide or dichlorphenamide. Drugs that Reduce Metformin Clearance Clinical Impact: Concomitant use of drugs that interfere with common renal tubular transport systems involved in the renal elimination of metformin (e.g., organic cationic transporter-2 [OCT 2 ] / multidrug and toxin extrusion [MATE] inhibitors) could increase systemic exposure to metformin and may increase the risk for lactic acidosis [see Clinical Pharmacology ( 12.3 )]. Intervention: C",,"4 CONTRAINDICATIONS Severe renal impairment: (eGFR below 30 mL/min/1.73 m 2 ) ( 4) Metabolic acidosis, including diabetic ketoacidosis. ( 4 ) History of a serious hypersensitivity reaction to ZITUVIMET, sitagliptin, or metformin, such as anaphylaxis or angioedema. (4) ZITUVIMET is contraindicated in patients with: Severe renal impairment (eGFR below 30 mL/min/1.73 m 2 ) [see Warnings and Precautions ( 5.1 )]. Acute or chronic metabolic acidosis, including diabetic ketoacidosis. History of a serious hypersensitivity reaction to sitagliptin, metformin, or any of the excipients in ZITUVIMET. Serious hypersensitivity reactions including anaphylaxis or angioedema have been reported. [see Warnings and Precautions ( 5.7 ) and Adverse Reactions ( 6.2 )].",found
enalapril,Enalapril Maleate,"Drug Interactions Neprilysin Inhibitors Patients taking concomitant neprilysin inhibitors may be at increased risk for angioedema (see WARNINGS ). Dual Blockade of the Renin-Angiotensin System (RAS) Dual blockade of the RAS with angiotensin receptor blockers, ACE inhibitors, or aliskiren is associated with increased risks of hypotension, hyperkalemia, and changes in renal function (including acute renal failure) compared to monotherapy. Most patients receiving the combination of two RAS inhibitors do not obtain any additional benefit compared to monotherapy. In general, avoid combined use of RAS inhibitors. Closely monitor blood pressure, renal function, and electrolytes in patients on enalapril maleate and other agents that affect the RAS. Do not coadminister aliskiren with enalapril maleate in patients with diabetes. Avoid use of aliskiren with enalapril maleate in patients with renal impairment (GFR <60 mL/min). Hypotension — Patients on Diuretic Therapy Patients on diuretics and es","WARNINGS Anaphylactoid and Possibly Related Reactions Presumably because angiotensin-converting enzyme inhibitors affect the metabolism of eicosanoids and polypeptides, including endogenous bradykinin, patients receiving ACE inhibitors (including enalapril maleate) may be subject to a variety of adverse reactions, some of them serious. Head and Neck Angioedema Angioedema of the face, extremities, lips, tongue, glottis and/or larynx has been reported in patients treated with angiotensin-converting enzyme inhibitors, including enalapril maleate. This may occur at any time during treatment. In such cases enalapril maleate should be promptly discontinued and appropriate therapy and monitoring should be provided until complete and sustained resolution of signs and symptoms has occurred. In instances where swelling has been confined to the face and lips the condition has generally resolved without treatment, although antihistamines have been useful in relieving symptoms. Angioedema associate","CONTRAINDICATIONS Enalapril maleate is contraindicated in patients who are hypersensitive to this product and in patients with a history of angioedema related to previous treatment with an angiotensin-converting enzyme inhibitor and in patients with hereditary or idiopathic angioedema. Do not coadminister aliskiren with enalapril maleate in patients with diabetes (see PRECAUTIONS, Drug Interactions ). Enalapril maleate is contraindicated in combination with a neprilysin inhibitor (e.g., sacubitril). Do not administer enalapril maleate within 36 hours of switching to or from sacubitril/valsartan, a neprilysin inhibitor (see WARNINGS, Head and Neck Angioedema ).",found
ramipril,Ramipril,"7. DRUG INTERACTIONS • Diuretics: Possibility of excessive hypotension ( 7.1 ). • Lithium: Use with caution ( 7.3 ). • Gold: Nitritoid reactions have been reported ( 7.4 ). • NSAIDS use may lead to increased risk of renal impairment and loss of antihypertensive effect ( 7.5 ). 7.1 Diuretics Patients on diuretics, especially those in whom diuretic therapy was recently instituted, may occasionally experience an excessive reduction of blood pressure after initiation of therapy with ramipril. The possibility of hypotensive effects with ramipril can be minimized by either decreasing or discontinuing the diuretic or increasing the salt intake prior to initiation of treatment with ramipril. If this is not possible, reduce the starting dose [see DOSAGE AND ADMINISTRATION ( 2 ) ]. Ramipril can attenuate potassium loss caused by thiazide diuretics. Potassium-sparing diuretics (spironolactone, amiloride, triamterene, and others) or potassium supplements can increase the risk of hyperkalemia. Ther",,"4. CONTRAINDICATIONS Angioedema related to previous treatment with an ACE inhibitor, or a history of hereditary or idiopathic angioedema.( 4 ). Ramipril is contraindicated in patients who are hypersensitive to this product or any other ACE inhibitor (e.g., a patient who has experienced angioedema during therapy with any other ACE inhibitor).",found
amlodipine,Amlodipine Besylate,7 DRUG INTERACTIONS Do not exceed doses greater than 20 mg daily of simvastatin. ( 7.2 ) 7.1 Impact of Other Drugs on Amlodipine CYP3A Inhibitors Co-administration with CYP3A inhibitors (moderate and strong) results in increased systemic exposure to amlodipine and may require dose reduction. Monitor for symptoms of hypotension and edema when amlodipine is co-administered with CYP3A inhibitors to determine the need for dose adjustment [see CLINICAL PHARMACOLOGY ( 12.3 )] . CYP3A Inducers No information is available on the quantitative effects of CYP3A inducers on amlodipine. Blood pressure should be closely monitored when amlodipine is co-administered with CYP3A inducers. Sildenafil Monitor for hypotension when sildenafil is co-administered with amlodipine [see CLINICAL PHARMACOLOGY ( 12.2 )] . 7.2 Impact of Amlodipine on Other Drugs Simvastatin Co-administration of simvastatin with amlodipine increases the systemic exposure of simvastatin. Limit the dose of simvastatin in patients on a,,4 CONTRAINDICATIONS Known sensitivity to amlodipine ( 4 ) Amlodipine besylate tablets are contraindicated in patients with known sensitivity to amlodipine.,found
furosemide,Furosemide,"Drug Interactions Furosemide may increase the ototoxic potential of aminoglycoside antibiotics, especially in the presence of impaired renal function. Except in life-threatening situations, avoid this combination. Furosemide should not be used concomitantly with ethacrynic acid because of the possibility of ototoxicity. Patients receiving high doses of salicylates concomitantly with furosemide, as in rheumatic disease, may experience salicylate toxicity at lower doses because of competitive renal excretory sites. There is a risk of ototoxic effects if cisplatin and furosemide are given concomitantly. In addition, nephrotoxicity of nephrotoxic drugs such as cisplatin may be enhanced if furosemide is not given in lower doses and with positive fluid balance when used to achieve forced diuresis during cisplatin treatment. Furosemide has a tendency to antagonize the skeletal muscle relaxing effect of tubocurarine and may potentiate the action of succinylcholine. Lithium generally should not","WARNING Furosemide is a potent diuretic which, if given in excessive amounts, can lead to a profound diuresis with water and electrolyte depletion. Therefore, careful medical supervision is required and dose and dose schedule must be adjusted to the individual patient's needs (see DOSAGE AND ADMINISTRATION ).",CONTRAINDICATIONS Furosemide tablets are contraindicated in patients with anuria and in patients with a history of hypersensitivity to furosemide.,found
spironolactone,Spironolactone,"7 DRUG INTERACTIONS Agents increasing serum potassium: Concomitant administration can lead to hyperkalemia ( 5.1 , 7.1 ). Lithium: Increased risk of lithium toxicity ( 7.2 ). NSAIDs: May reduce the diuretic, natriuretic and antihypertensive effect of spironolactone ( 7.3 ). Digoxin: spironolactone can interfere with radioimmunologic assays of digoxin exposure ( 7.4) . Cholestyramine: Hyperkalemic metabolic acidosis has been reported with concomitant use ( 7.5 ). Acetylsalicylic Acid (ASA): ASA may reduce the efficacy of spironolactone ( 7.6 ) Abiraterone: May increase prostate-specific antigen (PSA) levels ( 7.7 ). 7.1 Drugs and Supplements Increasing Serum Potassium Concomitant administration of spironolactone with potassium supplementation or drugs that can increase potassium may lead to severe hyperkalemia. In general, discontinue potassium supplementation in heart failure patients who start spironolactone [see Warnings and Precautions (5.1) and Clinical Pharmacology (12.3) ] . Chec",,4 CONTRAINDICATIONS Spironolactone is contraindicated in the patients with: Hyperkalemia Addison’s disease Concomitant use of eplerenone Spironolactone is contraindicated in patients with ( 4 ): Hyperkalemia Addison’s disease Concomitant use of eplerenone,found
digoxin,Digoxin,"7 DRUG INTERACTIONS Digoxin has a narrow therapeutic index, increased monitoring of serum digoxin concentrations and for potential signs and symptoms of clinical toxicity is necessary when initiating, adjusting, or discontinuing drugs that may interact with digoxin. Prescribers should consult the prescribing information of any drug which is co-prescribed with digoxin for potential drug interaction information. PGP Inducers/Inhibitors: Drugs that induce or inhibit PGP have the potential to alter digoxin pharmacokinetics. ( 7.1 ) The potential for drug-drug interactions must be considered prior to and during drug therapy. See full prescribing information. ( 7.2 , 7.3 , 12.3 ) 7.1 P-Glycoprotein (PGP) Inducers/Inhibitors Digoxin is a substrate of P-glycoprotein, at the level of intestinal absorption, renal tubular section and biliary–intestinal secretion. Therefore, drugs that induce/inhibit P-glycoprotein have the potential to alter digoxin pharmacokinetics. 7.2 Pharmacokinetic Drug Inte",,"4 CONTRAINDICATIONS Digoxin is contraindicated in patients with: Ventricular fibrillation [see Warnings and Precautions (5.1)] Known hypersensitivity to digoxin (reactions seen include unexplained rash, swelling of the mouth, lips or throat or a difficulty in breathing). A hypersensitivity reaction to other digitalis preparations usually constitutes a contraindication to digoxin. Ventricular fibrillation. ( 4 ) Known hypersensitivity to digoxin or other forms of digitalis. ( 4 )",found
atorvastatin,Atorvastatin calcium,"7 DRUG INTERACTIONS See full prescribing information for details regarding concomitant use of atorvastatin calcium with other drugs or grapefruit juice that increase the risk of myopathy and rhabdomyolysis ( 2.5 , 7.1 ). Rifampin: May reduce atorvastatin plasma concentrations. Administer simultaneously with atorvastatin calcium ( 7.2 ). Oral Contraceptives: May increase plasma levels of norethindrone and ethinyl estradiol; consider this effect when selecting an oral contraceptive (7.3 ). Digoxin: May increase digoxin plasma levels; monitor patients appropriately ( 7.3 ). 7.1 Drug Interactions that may Increase the Risk of Myopathy and Rhabdomyolysis with Atorvastatin Calcium Atorvastatin is a substrate of CYP3A4 and transporters (e.g., OATP1B1/1B3, P-gp, or BCRP). Atorvastatin plasma levels can be significantly increased with concomitant administration of inhibitors of CYP3A4 and transporters. Table 2 includes a list of drugs that may increase exposure to atorvastatin and may increase ",,"4 CONTRAINDICATIONS Acute liver failure or decompensated cirrhosis [see Warnings and Precautions (5.3) ] Hypersensitivity to atorvastatin or any excipients in atorvastatin calcium. Hypersensitivity reactions, including anaphylaxis, angioneurotic edema, erythema multiforme, Stevens-Johnson syndrome, and toxic epidermal necrolysis, have been reported [see Adverse Reactions (6.2) ]. Acute liver failure or decompensated cirrhosis ( 4 ). Hypersensitivity to atorvastatin or any excipient in atorvastatin calcium ( 4 ).",found
simvastatin,SIMVASTATIN,"7 DRUG INTERACTIONS See full prescribing information for details regarding concomitant use of simvastatin with other drugs or grapefruit juice that increase the risk of myopathy and rhabdomyolysis. ( 2.5 , 7.1 ) Coumarin Anticoagulants: Obtain INR before simvastatin initiation and monitor INR during simvastatin dosage initiation or adjustment. ( 7.2 ) Digoxin: During simvastatin initiation, monitor digoxin levels. ( 7.2 ) 7.1 Drug Interactions that Increase the Risk of Myopathy and Rhabdomyolysis with Simvastatin Simvastatin is a substrate of CYP3A4 and of the transport protein OATP1B1. Simvastatin exposure can be significantly increased with concomitant administration of inhibitors of CYP3A4 and OATP1B1. Table 2 includes a list of drugs that increase the risk of myopathy and rhabdomyolysis when used concomitantly with simvastatin and instructions for preventing or managing them [see WARNINGS AND PRECAUTIONS ( 5.1 ) AND CLINICAL PHARMACOLOGY ( 12.3 )] . Table 2: Drug Interactions that ",,"4 CONTRAINDICATIONS Simvastatin is contraindicated in the following conditions: Concomitant use of strong CYP3A4 inhibitors (select azole anti-fungals, macrolide antibiotics, anti-viral medications, and nefazodone) [see DRUG INTERACTIONS ( 7.1 )]. Concomitant use of cyclosporine, danazol or gemfibrozil [see DRUG INTERACTIONS ( 7.1 )]. Acute liver failure or decompensated cirrhosis [see WARNINGS AND PRECAUTIONS ( 5.3 )] Hypersensitivity to simvastatin or any excipients in simvastatin tablets USP. Hypersensitivity reactions, including anaphylaxis, angioedema and Stevens-Johnson syndrome, have been reported [see ADVERSE REACTIONS ( 6.2 )] Concomitant use of strong CYP3A4 inhibitors (select azole anti-fungals, macrolide antibiotics, anti-viral medications, and nefazodone) ( 4 , 7.1 ) Concomitant use of cyclosporine, danazol or gemfibrozil ( 4 , 7.1 ) Acute liver failure or decompensated cirrhosis ( 4 , 5.3 ) Hypersensitivity to simvastatin or any excipient in simvastatin tablets USP ( 4 , ",found
ibuprofen,Ibuprofen Dye Free,,"Warnings Allergy alert: Ibuprofen may cause a severe allergic reaction, especially in people allergic to aspirin. Symptoms may include: rash facial swelling asthma (wheezing) hives skin reddening shock blisters If an allergic reaction occurs, stop use and seek medical help right away. Stomach bleeding warning: This product contains an NSAID, which may cause severe stomach bleeding. The chance is higher if you: take more or for a longer time than directed take a blood thinning (anticoagulant) or steroid drug have had stomach ulcers or bleeding problems have 3 or more alcoholic drinks every day while using this product are age 60 or older take other drugs containing prescription or nonprescription NSAIDs [aspirin, ibuprofen, naproxen, or others] Heart attack and stroke warning: NSAIDs, except aspirin, increase the risk of heart attack, heart failure, and stroke. These can be fatal. The risk is higher if you use more than directed or for longer than directed. Do not use if you have ever h",,found
diclofenac,Diclofenac Sodium,,"Warnings For external use only Allergy alert: Diclofenac may cause a severe allergic reaction, especially in people allergic to aspirin. Symptoms may include: hives asthma (wheezing) skin reddening blisters facial swelling shock rash If an allergic reaction occurs, stop use and seek medical help right away. Liver warning: This product contains diclofenac. Liver damage may occur if you apply more or for a longer time than directed when using other drugs containing diclofenac Stomach bleeding warning: This product contains an NSAID, which may cause severe stomach bleeding. The chance is small but higher if you are age 60 or older have had stomach ulcers or bleeding problems take a blood thinning (anticoagulant) or steroid drug take other drugs containing prescription or nonprescription NSAIDs (aspirin, ibuprofen, naproxen, or others) have 3 or more alcoholic drinks every day while using this product apply more or for longer than directed Heart attack and stroke warning: NSAIDs, except as",,found
naproxen,Naproxen,"7 DRUG INTERACTIONS See Table 1 for clinically significant drug interactions with naproxen. Table 1: Clinically Significant Drug Interactions with naproxen Drugs That Interfere with Hemostasis Clinical Impact: • Naproxen and anticoagulants such as warfarin have a synergistic effect on bleeding. The concomitant use of naproxen and anticoagulants have an increased risk of serious bleeding compared to the use of either drug alone. • Serotonin release by platelets plays an important role in hemostasis. Case-control and cohort epidemiological studies showed that concomitant use of drugs that interfere with serotonin reuptake and an NSAID may potentiate the risk of bleeding more than an NSAID alone. Intervention: Monitor patients with concomitant use of naproxen tablets or naproxen sodium tablets with anticoagulants (e.g., warfarin), antiplatelet agents (e.g., aspirin), selective serotonin reuptake inhibitors (SSRIs), and serotonin norepinephrine reuptake inhibitors (SNRIs) for signs of blee",,"4 CONTRAINDICATIONS Naproxen tablets and naproxen sodium tablets are contraindicated in the following patients: • Known hypersensitivity (e.g., anaphylactic reactions and serious skin reactions) to naproxen or any components of the drug product [ see Warnings and Precautions ( 5.7 , 5.9 ) ] • History of asthma, urticaria, or other allergic-type reactions after taking aspirin or other NSAIDs. Severe, sometimes fatal, anaphylactic reactions to NSAIDs have been reported in such patients [ see Warnings and Precautions ( 5.7 , 5.8 ) ] • In the setting of coronary artery bypass graft (CABG) surgery [ see Warnings and Precautions ( 5.1 ) ] • Known hypersensitivity to naproxen or any components of the drug product ( 4 ) • History of asthma, urticaria, or other allergic-type reactions after taking aspirin or other NSAIDs ( 4 ) • In the setting of CABG surgery ( 4 )",found
prednisolone,PRED FORTE,,"WARNINGS Prolonged use of corticosteroids may result in posterior subcapsular cataract formation and may increase intraocular pressure in susceptible individuals, resulting in glaucoma with damage to the optic nerve, defects in visual acuity and fields of vision. Prolonged use may also suppress the host immune response and thus increase the hazard of secondary ocular infections. If this product is used for 10 days or longer, intraocular pressure should be routinely monitored even though it may be difficult in children and uncooperative patients. Steroids should be used with caution in the presence of glaucoma. Intraocular pressure should be checked frequently. Various ocular diseases and long-term use of topical corticosteroids have been known to cause corneal and scleral thinning. Use of topical corticosteroids in the presence of thin corneal or scleral tissue may lead to perforation. Acute purulent infections of the eye may be masked or activity enhanced by the presence of corticoste","CONTRAINDICATIONS PRED FORTE ® suspension is contraindicated in acute untreated purulent ocular infections, in most viral diseases of the cornea and conjunctiva including epithelial herpes simplex keratitis (dendritic keratitis), vaccinia, and varicella, and also in mycobacterial infection of the eye and fungal diseases of ocular structures. PRED FORTE ® suspension is also contraindicated in individuals with known or suspected hypersensitivity to any of the ingredients of this preparation and to other corticosteroids.",found
amoxicillin,AMOXICILLIN AND CLAVULANATE POTASSIUM,7 DRUG INTERACTIONS Co‑administration with probenecid is not recommended. ( 7.1 ) Concomitant use of Amoxicillin and Clavulanate Potassium and oral anticoagulants may increase the prolongation of prothrombin time.( 7.2 ) Co-administration with allopurinol increases the risk of rash. ( 7.3 ) Amoxicillin and Clavulanate Potassium may reduce efficacy of oral contraceptives. ( 7.4 ) 7.1 Probenecid Probenecid decreases the renal tubular secretion of amoxicillin but does not delay renal excretion of clavulanic acid. Concurrent use with Amoxicillin and Clavulanate Potassium may result in increased and prolonged blood concentrations of amoxicillin. Co-administration of probenecid is not recommended. 7.2 Oral Anticoagulants Abnormal prolongation of prothrombin time (increased international normalized ratio [INR]) has been reported in patients receiving amoxicillin and oral anticoagulants. Appropriate monitoring should be undertaken when anticoagulants are prescribed concurrently with Amoxicilli,,"4 CONTRAINDICATIONS History of a serious hypersensitivity reaction (e.g., anaphylaxis or Stevens-Johnson syndrome) to Amoxicillin and Clavulanate Potassium or to other beta‑lactams (e.g., penicillins or cephalosporins). ( 4.1 ) History of cholestatic jaundice/hepatic dysfunction associated with Amoxicillin and Clavulanate Potassium. ( 4.2 ) 4.1 Serious Hypersensitivity Reactions Amoxicillin and Clavulanate Potassium is contraindicated in patients with a history of serious hypersensitivity reactions (e.g., anaphylaxis or Stevens-Johnson syndrome) to amoxicillin, clavulanate or to other beta‑lactam antibacterial drugs (e.g., penicillins and cephalosporins). 4.2 Cholestatic Jaundice/Hepatic Dysfunction Amoxicillin and Clavulanate Potassium is contraindicated in patients with a previous history of cholestatic jaundice/hepatic dysfunction associated with Amoxicillin and Clavulanate Potassium.",found
ciprofloxacin,ciprofloxacin,"Drug Interactions: Specific drug interaction studies have not been conducted with ophthalmic ciprofloxacin. However, the systemic administration of some quinolones has been shown to elevate plasma concentrations of theophylline, interfere with the metabolism of caffeine, enhance the effects of the oral anticoagulant, warfarin, and its derivatives, and has been associated with transient elevations in serum creatinine in patients receiving cyclosporine concomitantly.",,CONTRAINDICATIONS A history of hypersensitivity to ciprofloxacin or any other component of the medication is a contraindication to its use. A history of hypersensitivity to other quinolones may also contraindicate the use of ciprofloxacin.,found
metronidazole,Metronidazole,"Drug Interactions Disulfiram Psychotic reactions have been reported in alcoholic patients who are using metronidazole and disulfiram concurrently. Metronidazole should not be given to patients who have taken disulfiram within the last two weeks (see CONTRAINDICATIONS ). Alcoholic Beverages Abdominal cramps, nausea, vomiting, headaches, and flushing may occur if alcoholic beverages or products containing propylene glycol are consumed during or following metronidazole therapy (see CONTRAINDICATIONS ). Warfarin and other Oral Anticoagulants Metronidazole has been reported to potentiate the anticoagulant effect of warfarin and other oral coumarin anticoagulants, resulting in a prolongation of prothrombin time. When metronidazole is prescribed for patients on this type of anticoagulant therapy, prothrombin time and INR should be carefully monitored. Lithium In patients stabilized on relatively high doses of lithium, short-term metronidazole therapy has been associated with elevation of seru","WARNINGS Hypersensitivity Reactions Hypersensitivity reactions including severe cutaneous adverse reactions (SCARs) can be serious and potentially life threatening (see ADVERSE REACTIONS ). Severe Cutaneous Adverse Reactions Severe cutaneous adverse reactions (SCARs) including toxic epidermal necrolysis (TEN), Stevens-Johnson syndrome (SJS), drug reaction with eosinophilia and systemic symptoms (DRESS), and acute generalized exanthematous pustulosis (AGEP) have been reported with the use of metronidazole. Symptoms can be serious and potentially life threatening (If symptoms or signs of SCARs develop, discontinue metronidazole tablets immediately and institute appropriate therapy. Central and Peripheral Nervous System Effects Encephalopathy and peripheral neuropathy: Cases of encephalopathy and peripheral neuropathy (including optic neuropathy) have been reported with metronidazole. Encephalopathy has been reported in association with cerebellar toxicity characterized by ataxia, dizzine","CONTRAINDICATIONS Hypersensitivity Metronidazole tablet are contraindicated in patients with a prior history of hypersensitivity to metronidazole or other nitroimidazole derivatives. In patients with trichomoniasis, metronidazole tablet are contraindicated during the first trimester of pregnancy (see PRECAUTIONS ). Psychotic Reaction with Disulfiram Use of oral metronidazole is associated with psychotic reactions in alcoholic patients who were using disulfiram concurrently. Do not administer metronidazole to patients who have taken disulfiram within the last two weeks (see PRECAUTIONS, Drug Interactions ). Interaction with Alcohol Use of oral metronidazole is associated with a disulfiram-like reaction to alcohol, including abdominal cramps, nausea, vomiting, headaches, and flushing. Discontinue consumption of alcohol or products containing propylene glycol during and for at least three days after therapy with metronidazole (see PRECAUTIONS, Drug Interactions ). Cockayne Syndrome Metron",found
clarithromycin,Clarithromycin,"7 DRUG INTERACTIONS Co-administration of clarithromycin tablets is known to inhibit CYP3A, and a drug primarily metabolized by CYP3A may be associated with elevations in drug concentrations that could increase or prolong both therapeutic and adverse effects of the concomitant drug. Clarithromycin tablets should be used with caution in patients receiving treatment with other drugs known to be CYP3A enzyme substrates, especially if the CYP3A substrate has a narrow safety margin (e.g., carbamazepine) and/or the substrate is extensively metabolized by this enzyme. Adjust dosage when appropriate and monitor serum concentrations of drugs primarily metabolized by CYP3A closely in patients concurrently receiving clarithromycin. Table 8. Clinically Significant Drug Interactions with Clarithromycin Tablets Drugs That Are Affected By Clarithromycin Tablets Drug(s) with Pharmacokinetics Affected by Clarithromycin Tablets Recommendation Comments Antiarrhythmics: Disopyramide Quinidine Dofetilide Am",,"4 CONTRAINDICATIONS Hypersensitivity to clarithromycin or any macrolide drug ( 4.1 ) Cisapride and pimozide ( 4.2 ) History of cholestatic jaundice/hepatic dysfunction with use of clarithromycin ( 4.3 ) Colchicine in renal or hepatic impairment ( 4.4 ) Lomitapide, lovastatin, and simvastatin ( 4.5 ) Ergot alkaloids (ergotamine or dihydroergotamine) ( 4.6 ) Lurasidone ( 4.7 ) 4.1 Hypersensitivity Clarithromycin tablets are contraindicated in patients with a known hypersensitivity to clarithromycin, erythromycin, or any of the macrolide antibacterial drugs [see Warnings and Precautions ( 5.1 )] . 4.2 Cisapride and Pimozide Concomitant administration of clarithromycin tablets with cisapride and pimozide is contraindicated [see Drug Interactions ( 7 )] . There have been postmarketing reports of drug interactions when clarithromycin is co‑administered with cisapride or pimozide, resulting in cardiac arrhythmias (QT prolongation, ventricular tachycardia, ventricular fibrillation, and torsade",found
fluconazole,Fluconazole,"Drug Interaction Studies (See PRECAUTIONS, Drug Interactions) Oral contraceptives: Oral contraceptives were administered as a single dose both before and after the oral administration of fluconazole 50 mg once daily for 10 days in 10 healthy women. There was no significant difference in ethinyl estradiol or levonorgestrel AUC after the administration of 50 mg of fluconazole. The mean increase in ethinyl estradiol AUC was 6% (range: –47 to 108%) and levonorgestrel AUC increased 17% (range: –33 to 141%). In a second study, twenty-five normal females received daily doses of both 200 mg fluconazole tablets or placebo for two, ten-day periods. The treatment cycles were one month apart with all subjects receiving fluconazole during one cycle and placebo during the other. The order of study treatment was random. Single doses of an oral contraceptive tablet containing levonorgestrel and ethinyl estradiol were administered on the final treatment day (Day 10) of both cycles. Following administra","WARNINGS (1) Hepatic injury: Fluconazole should be administered with caution to patients with liver dysfunction. Fluconazole has been associated with rare cases of serious hepatic toxicity, including fatalities primarily in patients with serious underlying medical conditions. In cases of fluconazole-associated hepatotoxicity, no obvious relationship to total daily dose, duration of therapy, sex, or age of the patient has been observed. Fluconazole hepatotoxicity has usually, but not always, been reversible on discontinuation of therapy. Patients who develop abnormal liver function tests during fluconazole therapy should be monitored for the development of more severe hepatic injury. Fluconazole should be discontinued if clinical signs and symptoms consistent with liver disease develop that may be attributable to fluconazole. (2) Anaphylaxis: In rare cases, anaphylaxis has been reported. (3) Dermatologic: Exfoliative skin disorders during treatment with fluconazole have been reported. F","CONTRAINDICATIONS Fluconazole tablets are contraindicated in patients who have shown hypersensitivity to fluconazole or to any of its excipients. There is no information regarding cross-hypersensitivity between fluconazole and other azole antifungal agents. Caution should be used in prescribing fluconazole tablets to patients with hypersensitivity to other azoles. Coadministration of other drugs known to prolong the QT interval and which are metabolized via the enzyme CYP3A4 such as erythromycin, pimozide, and quinidine are contraindicated in patients receiving fluconazole. (See CLINICAL PHARMACOLOGY: Drug Interaction Studies and PRECAUTIONS .)",found
carbamazepine,Carbamazepine,"Drug Interactions There has been a report of a patient who passed an orange rubbery precipitate in his stool the day after ingesting carbamazepine suspension immediately followed by Thorazine solution. Subsequent testing has shown that mixing carbamazepine suspension and chlorpromazine solution (both generic and brand name) as well as carbamazepine suspension and liquid Mellaril, resulted in the occurrence of this precipitate. Because the extent to which this occurs with other liquid medications is not known, carbamazepine suspension should not be administered simultaneously with other liquid medicinal agents or diluents (see DOSAGE AND ADMINISTRATION). Clinically meaningful drug interactions have occurred with concomitant medications and include (but are not limited to) the following: Agents That May Affect Carbamazepine Plasma Levels When carbamazepine is given with drugs that can increase or decrease carbamazepine levels, close monitoring of carbamazepine levels is indicated and dos",,"CONTRAINDICATIONS Carbamazepine should not be used in patients with a history of previous bone marrow depression, hypersensitivity to the drug, or known sensitivity to any of the tricyclic compounds, such as amitriptyline, desipramine, imipramine, protriptyline, nortriptyline, etc. Likewise, on theoretical grounds its use with monoamine oxidase (MAO) inhibitors is not recommended. Before administration of carbamazepine, MAO inhibitors should be discontinued for a minimum of 14 days, or longer if the clinical situation permits. Coadministration of carbamazepine and nefazodone may result in insufficient plasma concentrations of nefazodone and its active metabolite to achieve a therapeutic effect. Coadministration of carbamazepine with nefazodone is contraindicated.",found
valproate,Valproate Sodium,"7 DRUG INTERACTIONS • Hepatic enzyme-inducing drugs (e.g., phenytoin, carbamazepine, phenobarbital, primidone, rifampin) can increase valproate clearance, while enzyme inhibitors (e.g., felbamate) can decrease valproate clearance. Therefore increased monitoring of valproate and concomitant drug concentrations and dosage adjustment are indicated whenever enzyme-inducing or inhibiting drugs are introduced or withdrawn ( 7.1 ) • Aspirin, carbapenem antibiotics, estrogen-containing hormonal contraceptives: Monitoring of valproate concentrations is recommended ( 7.1 ) • Co-administration of valproate can affect the pharmacokinetics of other drugs (e.g. diazepam, ethosuximide, lamotrigine, phenytoin) by inhibiting their metabolism or protein binding displacement ( 7.2 ) • Patients stabilized on rufinamide should begin valproate therapy at a low dose, and titrate to clinically effective dose ( 7.2 ) • Dosage adjustment of amitriptyline/nortriptyline, propofol, warfarin, and zidovudine may be ",,"4 CONTRAINDICATIONS • Valproate sodium injection should not be administered to patients with hepatic disease or significant hepatic dysfunction [see Warnings and Precautions ( 5.1 )] . • Valproate sodium injection is contraindicated in patients known to have mitochondrial disorders caused by mutations in mitochondrial DNA polymerase γ (POLG; e.g., Alpers-Huttenlocher Syndrome) and children under two years of age who are suspected of having a POLG-related disorder [see Warnings and Precautions ( 5.1 )] . • Valproate sodium injection is contraindicated in patients with known hypersensitivity to the drug [see Warnings and Precautions ( 5.11 )] . • Valproate sodium injection is contraindicated in patients with known urea cycle disorders [see Warnings and Precautions ( 5.6 )] . • For use in prophylaxis of migraine headaches: Valproate sodium injection is contraindicated in women who are pregnant and in women of childbearing potential who are not using effective contraception [see Warnings a",found
fluoxetine,Fluoxetine,"7 DRUG INTERACTIONS As with all drugs, the potential for interaction by a variety of mechanisms (e.g., pharmacodynamic, pharmacokinetic drug inhibition or enhancement, etc.) is a possibility. Monoamine Oxidase Inhibitors (MAOIs): ( 2.9 , 2.10 , 4.1 , 5.2 ) Drugs Metabolized by CYP2D6: Fluoxetine is a potent inhibitor of CYP2D6 enzyme pathway ( 7.7 ) Tricyclic Antidepressants (TCAs): Monitor TCA levels during coadministration with fluoxetine or when fluoxetine has been recently discontinued ( 5.2 , 7.7 ) CNS Acting Drugs: Caution should be used when taken in combination with other centrally acting drugs ( 7.2 ) Benzodiazepines: Diazepam – increased t½, alprazolam - further psychomotor performance decrement due to increased levels ( 7.7 ) Antipsychotics: Potential for elevation of haloperidol and clozapine levels ( 7.7 ) Anticonvulsants: Potential for elevated phenytoin and carbamazepine levels and clinical anticonvulsant toxicity ( 7.7 ) Serotonergic Drugs: ( 2.9 , 2.10 , 4.1 , 5.2 ) Dr",,"4 CONTRAINDICATIONS When using fluoxetine capsules and olanzapine in combination, also refer to the Contraindications section of the package insert for Symbyax. Serotonin Syndrome and MAOIs: Do not use MAOIs intended to treat psychiatric disorders with fluoxetine or within 5 weeks of stopping treatment with fluoxetine. Do not use fluoxetine within 14 days of stopping an MAOI intended to treat psychiatric disorders. In addition, do not start fluoxetine in a patient who is being treated with linezolid or intravenous methylene blue ( 4.1 ) Pimozide: Do not use. Risk of QT prolongation and drug interaction ( 4.2 , 5.11 , 7.7 , 7.8 ) Thioridazine: Do not use. Risk of QT interval prolongation and elevated thioridazine plasma levels. Do not use thioridazine within 5 weeks of discontinuing fluoxetine. Do not use thioridazine within 5 weeks of discontinuing fluoxetine ( 4.2 , 5.11 , 7.7 , 7.8 ) When using fluoxetine and olanzapine in combination, also refer to the Contraindications section of t",found
sertraline,Sertraline Hydrochloride,"Drug Interactions Potential Effects of Coadministration of Drugs Highly Bound to Plasma Proteins –Because sertraline is tightly bound to plasma protein, the administration of sertraline hydrochloride to a patient taking another drug which is tightly bound to protein (e.g., warfarin, digitoxin) may cause a shift in plasma concentrations potentially resulting in an adverse effect. Conversely, adverse effects may result from displacement of protein bound sertraline hydrochloride by other tightly bound drugs. In a study comparing prothrombin time AUC (0-120 hr) following dosing with warfarin (0.75 mg/kg) before and after 21 days of dosing with either sertraline hydrochloride (50-200 mg/day) or placebo, there was a mean increase in prothrombin time of 8% relative to baseline for sertraline hydrochloride compared to a 1% decrease for placebo (p<0.02). The normalization of prothrombin time for the sertraline hydrochloride group was delayed compared to the placebo group. The clinical significa","WARNINGS Clinical Worsening and Suicide Risk Patients with major depressive disorder (MDD), both adult and pediatric, may experience worsening of their depression and/or the emergence of suicidal ideation and behavior (suicidality) or unusual changes in behavior, whether or not they are taking antidepressant medications, and this risk may persist until significant remission occurs. Suicide is a known risk of depression and certain other psychiatric disorders, and these disorders themselves are the strongest predictors of suicide. There has been a long-standing concern, however, that antidepressants may have a role in inducing worsening of depression and the emergence of suicidality in certain patients during the early phases of treatment. Pooled analyses of short-term placebo-controlled trials of antidepressant drugs (SSRIs and others) showed that these drugs increase the risk of suicidal thinking and behavior (suicidality) in children, adolescents, and young adults (ages 18-24) with m",CONTRAINDICATIONS All Dosage Forms of Sertraline: The use of MAOIs intended to treat psychiatric disorders with Sertraline hydrochloride or within 14 days of stopping treatment with Sertraline hydrochloride is contraindicated because of an because of an increased risk if serotonin syndrome. The use of Sertraline hydrochloride within 14 days of stopping an MAOI intended to treat psychiatric disorders is also contraindicated (see WARNINGS and DOSAGE AND ADMINISTRATION ). Starting Sertraline hydrochloride in a patient who is being treated with MAOIs such as linezolid or intravenous methyelene blue is also contraindicated because of an increased risk of serotonin syndrome (see WARNINGS and DOSAGE AND ADMINISTRATION). Concomitant use in patients taking pimozide is contraindicated (see PRECAUTIONS ). Sertraline is contraindicated in patients with a hypersensitivity to sertraline or any of the inactive ingredients in sertraline hydrochloride tablets.,found
omeprazole,Omeprazole,,"Warnings Allergy alert: do not use if you are allergic to omeprazole omeprazole may cause severe skin reactions. Symptoms may include: skin reddening blisters rash If an allergic reaction occurs, stop use and seek medical help right away. Do not use if you have: trouble or pain swallowing food, vomiting with blood, or bloody or black stools heartburn with lightheadedness, sweating or dizziness chest pain or shoulder pain with shortness of breath; sweating; pain spreading to arms, neck or shoulders; or lightheadednes frequent chest pain These may be signs of a serious condition. See your doctor. Ask a doctor before use if you have : had heartburn over 3 months. This may be a sign of a more serious condition. frequent wheezing, particularly with heartburn unexplained weight loss nausea or vomiting stomach pain Ask a doctor or pharmacist before use if you are taking a prescription drug. Acid reducers may interact with certain prescription drugs. Stop use and ask doctor if: your heartburn ",,found
tramadol,TRAMADOL HYDROCHLORIDE,"7 DRUG INTERACTIONS Table 2 includes clinically significant drug interactions with tramadol hydrochloride extended-release tablets. Table 2: Clinically Significant Drug Interactions with Tramadol Hydrochloride Extended-Release Tablets Inhibitors of CYP2D6 Clinical Impact: The concomitant use of tramadol hydrochloride extended-release tablets and CYP2D6 inhibitors may result in an increase in the plasma concentration of tramadol and a decrease in the plasma concentration of M1, particularly when an inhibitor is added after a stable dose of tramadol hydrochloride extended-release tablets is achieved. Since M1 is a more potent µ-opioid agonist, decreased M1 exposure could result in decreased therapeutic effects, and may result in signs and symptoms of opioid withdrawal in patients who had developed physical dependence to tramadol. Increased tramadol exposure can result in increased or prolonged therapeutic effects and increased risk for serious adverse events including seizures and seroto",,"4 CONTRAINDICATIONS Tramadol hydrochloride extended-release tablets are contraindicated for: all children younger than 12 years of age [see Warnings and Precautions (5.4)] post-operative management in children younger than 18 years of age following tonsillectomy and/or adenoidectomy [see Warnings and Precautions (5.4)] . Tramadol hydrochloride extended-release tablets are also contraindicated in patients with: Significant respiratory depression [see Warnings and Precautions (5.3)] Acute or severe bronchial asthma in an unmonitored setting or in the absence of resuscitative equipment [see Warnings and Precautions (5.12)] Known or suspected gastrointestinal obstruction, including paralytic ileus [see Warnings and Precautions (5.15)] Hypersensitivity to tramadol (e.g., anaphylaxis) [see Warnings and Precautions (5.17), Adverse Reactions (6.2)] Concurrent use of monoamine oxidase inhibitors (MAOIs) or use within the last 14 days [see Drug Interactions (7)] . Children younger than 12 years ",found
